City_ID,City,Country,Date,Lat,Lng,Max Temp,Humidity,Cloudiness,Wind Speed,Current Description
0,Upernavik,GL,2022-08-25 00:11:51,72.7868,-56.1549,40.86,82,64,10.4,broken clouds
1,Ushuaia,AR,2022-08-25 00:16:43,-54.8,-68.3,42.46,42,20,11.5,few clouds
2,Cabo San Lucas,MX,2022-08-25 00:12:27,22.8909,-109.9124,91.18,62,20,19.57,few clouds
3,Penzance,GB,2022-08-25 00:16:44,50.1186,-5.5371,59.68,72,100,14.61,overcast clouds
4,Krasnoselkup,RU,2022-08-25 00:16:45,65.7,82.4667,51.51,82,18,19.1,few clouds
5,Kavieng,PG,2022-08-25 00:16:45,-2.5744,150.7967,82.98,73,29,5.75,scattered clouds
6,Victoria,HK,2022-08-25 00:15:10,22.2855,114.1577,82.45,92,92,14.0,light rain
7,Busselton,AU,2022-08-25 00:10:40,-33.65,115.3333,53.13,66,98,6.04,overcast clouds
8,Paamiut,GL,2022-08-25 00:16:46,61.994,-49.6678,41.99,99,100,8.28,overcast clouds
9,Rikitea,PF,2022-08-25 00:16:47,-23.1203,-134.9692,69.21,66,80,16.89,broken clouds
10,Chokurdakh,RU,2022-08-25 00:15:59,70.6333,147.9167,44.89,66,96,12.35,overcast clouds
11,Nikolskoye,RU,2022-08-25 00:16:48,59.7035,30.7861,72.91,60,87,5.23,light rain
12,Bredasdorp,ZA,2022-08-25 00:10:47,-34.5322,20.0403,54.19,77,1,11.18,clear sky
13,Hilo,US,2022-08-25 00:15:56,19.7297,-155.09,87.28,72,75,11.5,broken clouds
14,Adrar,MR,2022-08-25 00:15:58,20.5022,-10.0711,95.49,32,4,12.95,clear sky
15,Codrington,AU,2022-08-25 00:10:22,-38.2667,141.9667,52.77,87,88,10.04,overcast clouds
16,Mataura,NZ,2022-08-25 00:15:13,-46.1927,168.8643,49.48,58,100,1.9,overcast clouds
17,Bien Hoa,VN,2022-08-25 00:13:41,10.95,106.8167,76.98,88,100,3.71,light rain
18,Ust-Tsilma,RU,2022-08-25 00:16:50,65.441,52.1498,43.0,91,44,4.14,scattered clouds
19,Hasaki,JP,2022-08-25 00:16:51,35.7333,140.8333,79.29,79,76,11.5,broken clouds
20,Luderitz,NA,2022-08-25 00:15:19,-26.6481,15.1594,58.96,83,63,4.34,broken clouds
21,Mana,GF,2022-08-25 00:16:52,5.6592,-53.7767,76.19,86,73,4.18,broken clouds
22,Jamestown,US,2022-08-25 00:07:42,42.097,-79.2353,73.04,72,0,4.61,clear sky
23,Yellowknife,CA,2022-08-25 00:16:53,62.456,-114.3525,68.52,56,75,6.91,smoke
24,Avarua,CK,2022-08-25 00:16:08,-21.2078,-159.775,78.85,61,40,12.66,scattered clouds
25,Saint George,US,2022-08-25 00:15:22,37.1041,-113.5841,93.79,21,0,18.41,clear sky
26,Santa Maria,BR,2022-08-25 00:11:52,-29.6842,-53.8069,62.44,91,39,3.94,scattered clouds
27,Klaksvik,FO,2022-08-25 00:15:34,62.2266,-6.589,50.92,94,72,26.66,broken clouds
28,San Patricio,US,2022-08-25 00:16:55,28.017,-97.5169,89.55,60,93,7.18,overcast clouds
29,Provideniya,RU,2022-08-25 00:16:55,64.3833,-173.3,44.71,100,100,8.99,light rain
30,Port Elizabeth,ZA,2022-08-25 00:16:01,-33.918,25.5701,61.09,88,0,13.8,clear sky
31,Nanortalik,GL,2022-08-25 00:15:35,60.1432,-45.2371,42.66,97,86,3.18,overcast clouds
32,Hermanus,ZA,2022-08-25 00:11:30,-34.4187,19.2345,58.8,74,13,27.13,few clouds
33,Iqaluit,CA,2022-08-25 00:16:07,63.7506,-68.5145,41.7,86,100,23.0,overcast clouds
34,La Asuncion,VE,2022-08-25 00:16:57,11.0333,-63.8628,69.53,100,14,8.05,few clouds
35,Souillac,MU,2022-08-25 00:16:58,-20.5167,57.5167,70.18,64,20,8.05,light rain
36,Constitucion,CL,2022-08-25 00:12:39,-35.3333,-72.4167,51.13,85,75,11.34,broken clouds
37,Puerto Ayora,EC,2022-08-25 00:15:55,-0.7393,-90.3518,66.54,89,85,5.01,overcast clouds
38,Sogamoso,CO,2022-08-25 00:16:59,5.7143,-72.9339,54.77,85,83,3.83,broken clouds
39,Joensuu,FI,2022-08-25 00:16:59,62.6012,29.7632,64.89,94,100,4.61,overcast clouds
40,Mocuba,MZ,2022-08-25 00:17:00,-16.8392,36.9856,62.04,95,28,1.88,scattered clouds
41,Port Alfred,ZA,2022-08-25 00:16:31,-33.5906,26.891,74.41,32,1,18.66,clear sky
42,Arraial Do Cabo,BR,2022-08-25 00:11:26,-22.9661,-42.0278,66.51,85,92,16.98,overcast clouds
43,Ribeira Grande,PT,2022-08-25 00:11:24,38.5167,-28.7,73.58,77,80,6.24,broken clouds
44,Muros,ES,2022-08-25 00:17:01,42.7762,-9.0603,69.1,85,55,8.52,broken clouds
45,Acapulco,MX,2022-08-25 00:16:09,16.8634,-99.8901,84.02,74,100,3.44,overcast clouds
46,New Norfolk,AU,2022-08-25 00:10:04,-42.7826,147.0587,56.91,83,88,1.01,overcast clouds
47,Pemangkat,ID,2022-08-25 00:17:02,1.1667,108.9667,77.83,87,100,6.35,overcast clouds
48,Hobart,AU,2022-08-25 00:15:03,-42.8794,147.3294,57.25,71,75,4.61,broken clouds
49,Havre-Saint-Pierre,CA,2022-08-25 00:17:02,50.2334,-63.5986,62.6,94,0,6.91,clear sky
50,Gushikawa,JP,2022-08-25 00:17:03,26.3544,127.8686,89.19,74,40,11.5,scattered clouds
51,Kapaa,US,2022-08-25 00:14:39,22.0752,-159.319,86.32,72,40,10.36,scattered clouds
52,Longyearbyen,SJ,2022-08-25 00:17:04,78.2186,15.6401,42.64,81,100,9.22,overcast clouds
53,San Matias,BO,2022-08-25 00:17:04,-16.3667,-58.4,81.12,28,22,4.5,few clouds
54,Newport,GB,2022-08-25 00:17:05,51.5877,-2.9984,64.81,88,100,4.54,overcast clouds
55,Rongcheng,CN,2022-08-25 00:17:05,30.634,117.8517,80.78,82,30,2.26,scattered clouds
56,Sanchor,IN,2022-08-25 00:17:06,24.7553,71.7722,76.17,87,92,10.6,overcast clouds
57,Yangcun,CN,2022-08-25 00:17:06,39.3639,117.0603,72.0,77,95,9.73,overcast clouds
58,Bethel,US,2022-08-25 00:08:53,41.3712,-73.414,81.75,67,100,0.0,overcast clouds
59,Safford,US,2022-08-25 00:17:07,32.834,-109.7076,87.12,51,0,12.66,clear sky
60,Marienburg,PL,2022-08-25 00:11:43,54.0359,19.0266,71.11,98,23,7.92,few clouds
61,Linhares,BR,2022-08-25 00:13:39,-19.3911,-40.0722,65.86,92,21,3.15,few clouds
62,Price,US,2022-08-25 00:17:08,39.5994,-110.8107,87.06,16,100,9.22,overcast clouds
63,Atuona,PF,2022-08-25 00:11:11,-9.8,-139.0333,76.98,70,75,10.8,broken clouds
64,Butaritari,KI,2022-08-25 00:10:26,3.0707,172.7902,81.66,67,16,4.65,few clouds
65,Ketchikan,US,2022-08-25 00:17:09,55.3422,-131.6461,72.07,60,0,10.36,clear sky
66,Bluff,NZ,2022-08-25 00:10:30,-46.6,168.3333,48.79,62,63,4.56,broken clouds
67,Sitka,US,2022-08-25 00:14:55,57.0531,-135.33,62.49,82,100,4.61,overcast clouds
68,Ilulissat,GL,2022-08-25 00:15:12,69.2167,-51.1,50.02,50,75,6.91,broken clouds
69,Albany,US,2022-08-25 00:09:19,42.6001,-73.9662,76.39,77,49,5.14,scattered clouds
70,Sinnamary,GF,2022-08-25 00:17:11,5.3833,-52.95,77.09,87,72,5.93,broken clouds
71,Batemans Bay,AU,2022-08-25 00:17:11,-35.7167,150.1833,57.09,49,84,6.85,broken clouds
72,Kalabo,ZM,2022-08-25 00:17:12,-14.97,22.6814,59.25,46,6,6.33,clear sky
73,Dois Vizinhos,BR,2022-08-25 00:17:13,-25.7336,-53.0572,58.62,82,4,2.33,clear sky
74,Kruisfontein,ZA,2022-08-25 00:11:37,-34.0033,24.7314,68.4,28,21,11.16,few clouds
75,Udachnyy,RU,2022-08-25 00:17:13,66.4167,112.4,46.45,70,81,6.78,broken clouds
76,Fairbanks,US,2022-08-25 00:17:14,64.8378,-147.7164,65.23,65,100,0.0,overcast clouds
77,Poum,NC,2022-08-25 00:17:14,-20.2333,164.0167,74.52,70,9,5.12,clear sky
78,Punta Arenas,CL,2022-08-25 00:10:56,-53.15,-70.9167,39.31,65,20,31.07,few clouds
79,Lebu,CL,2022-08-25 00:10:24,-37.6167,-73.65,46.87,78,22,17.9,few clouds
80,Sao Filipe,CV,2022-08-25 00:17:15,14.8961,-24.4956,77.68,79,99,6.42,overcast clouds
81,Vaini,TO,2022-08-25 00:11:02,-21.2,-175.2,74.44,76,21,12.64,few clouds
82,Talnakh,RU,2022-08-25 00:11:45,69.4865,88.3972,47.21,82,58,1.54,broken clouds
83,Georgetown,MY,2022-08-25 00:15:00,5.4112,100.3354,79.9,91,20,2.3,few clouds
84,Thinadhoo,MV,2022-08-25 00:17:17,0.5333,72.9333,81.19,74,100,6.53,overcast clouds
85,Douglas,US,2022-08-25 00:17:17,41.3,-96.167,90.86,48,0,4.61,clear sky
86,Tura,IN,2022-08-25 00:17:18,25.5198,90.2201,73.2,93,48,5.1,scattered clouds
87,Esperance,AU,2022-08-25 00:16:33,-33.8667,121.9,51.13,71,100,11.79,overcast clouds
88,Turukhansk,RU,2022-08-25 00:17:18,65.8167,87.9833,56.77,97,100,9.51,light rain
89,Elko,US,2022-08-25 00:15:48,41.0002,-115.5012,86.23,28,60,20.0,broken clouds
90,Escalerillas,MX,2022-08-25 00:17:19,22.1333,-101.0667,76.87,25,40,10.36,scattered clouds
91,San Cristobal,VE,2022-08-25 00:17:20,7.7669,-72.225,77.18,93,30,3.44,scattered clouds
92,Mindelo,CV,2022-08-25 00:14:51,16.8901,-24.9804,77.76,82,69,10.2,broken clouds
93,Bima,ID,2022-08-25 00:17:20,-8.4667,118.7167,79.45,76,99,5.26,overcast clouds
94,Tula,RU,2022-08-25 00:17:21,54.2044,37.6111,65.59,47,21,5.7,few clouds
95,Maxixe,MZ,2022-08-25 00:17:21,-23.8597,35.3472,64.04,88,0,4.38,clear sky
96,Verkhnevilyuysk,RU,2022-08-25 00:17:22,63.4453,120.3167,49.28,77,75,5.17,broken clouds
97,Hithadhoo,MV,2022-08-25 00:15:20,-0.6,73.0833,81.07,74,99,5.82,overcast clouds
98,Najran,SA,2022-08-25 00:11:05,17.4924,44.1277,83.28,25,100,4.7,overcast clouds
99,Oistins,BB,2022-08-25 00:14:18,13.0667,-59.5333,80.69,89,75,18.41,broken clouds
100,Saint-Philippe,RE,2022-08-25 00:17:24,-21.3585,55.7679,67.59,75,35,11.63,scattered clouds
101,Thompson,CA,2022-08-25 00:10:37,55.7435,-97.8558,56.08,46,79,7.31,broken clouds
102,Sakaiminato,JP,2022-08-25 00:17:24,35.55,133.2333,80.53,89,75,11.5,broken clouds
103,Corsicana,US,2022-08-25 00:15:13,32.0954,-96.4689,85.15,64,100,3.0,overcast clouds
104,Frohnleiten,AT,2022-08-25 00:17:25,47.2667,15.3167,62.22,96,54,5.3,broken clouds
105,Pokosnoye,RU,2022-08-25 00:17:25,55.5258,101.0536,48.0,98,100,5.5,overcast clouds
106,Blagoyevo,RU,2022-08-25 00:17:26,63.3667,47.9167,52.77,73,67,4.38,broken clouds
107,Portland,US,2022-08-25 00:13:45,45.5234,-122.6762,96.35,40,20,10.36,few clouds
108,Belmonte,BR,2022-08-25 00:17:27,-15.8631,-38.8828,70.52,79,18,6.13,few clouds
109,Dikson,RU,2022-08-25 00:10:39,73.5069,80.5464,38.61,97,100,28.92,overcast clouds
110,Tiksi,RU,2022-08-25 00:10:46,71.6872,128.8694,43.74,77,53,7.54,broken clouds
111,Volksrust,ZA,2022-08-25 00:17:28,-27.3654,29.8818,45.73,49,0,3.04,clear sky
112,Sovetskiy,RU,2022-08-25 00:17:28,61.3614,63.5842,57.13,55,61,5.53,broken clouds
113,Cruzeiro Do Sul,BR,2022-08-25 00:17:29,-29.5128,-51.9853,68.07,90,23,1.79,few clouds
114,Rawson,AR,2022-08-25 00:17:29,-43.3002,-65.1023,51.62,36,6,8.63,clear sky
115,Lazaro Cardenas,MX,2022-08-25 00:17:30,17.9583,-102.2,84.67,66,15,8.46,few clouds
116,Keuruu,FI,2022-08-25 00:17:31,62.2667,24.7,57.38,96,100,6.35,overcast clouds
117,Beaverlodge,CA,2022-08-25 00:17:31,55.2166,-119.4361,83.55,29,0,8.3,clear sky
118,Cape Town,ZA,2022-08-25 00:10:12,-33.9258,18.4232,59.11,80,100,15.01,light rain
119,Cayenne,GF,2022-08-25 00:09:04,4.9333,-52.3333,77.04,88,0,0.0,clear sky
120,Mananjary,MG,2022-08-25 00:17:32,-21.2167,48.3333,63.84,87,19,0.56,few clouds
121,Proletariy,RU,2022-08-25 00:17:33,58.4342,31.7046,63.27,61,20,6.08,few clouds
122,Guerrero Negro,MX,2022-08-25 00:16:58,27.9769,-114.0611,80.49,63,63,15.12,broken clouds
123,Senanga,ZM,2022-08-25 00:16:05,-16.1167,23.2667,58.69,49,53,6.55,broken clouds
124,Tokmak,UA,2022-08-25 00:17:34,47.2514,35.7058,76.01,25,0,15.39,clear sky
125,Vao,NC,2022-08-25 00:11:56,-22.6667,167.4833,72.3,73,14,5.26,few clouds
126,Narva-Joesuu,EE,2022-08-25 00:17:35,59.4589,28.0408,65.17,90,100,5.3,overcast clouds
127,Husavik,IS,2022-08-25 00:16:00,66.0449,-17.3389,47.91,99,100,7.63,overcast clouds
128,Maragogi,BR,2022-08-25 00:16:44,-9.0122,-35.2225,71.46,82,61,9.44,broken clouds
129,High Rock,BS,2022-08-25 00:17:36,26.6208,-78.2833,84.22,68,88,8.12,overcast clouds
130,Bathsheba,BB,2022-08-25 00:17:36,13.2167,-59.5167,81.21,89,75,18.41,broken clouds
131,East London,ZA,2022-08-25 00:17:37,-33.0153,27.9116,76.42,29,0,12.08,clear sky
132,Novoagansk,RU,2022-08-25 00:17:37,61.9449,76.6625,60.35,90,100,11.32,overcast clouds
133,Wageningen,NL,2022-08-25 00:17:38,51.9667,5.6667,72.1,80,60,6.91,broken clouds
134,Castro,BR,2022-08-25 00:14:46,-24.7911,-50.0119,54.52,81,43,2.86,scattered clouds
135,Faanui,PF,2022-08-25 00:11:25,-16.4833,-151.75,76.05,81,4,10.89,light rain
136,Ola,RU,2022-08-25 00:17:39,59.5833,151.2833,53.04,87,100,2.59,overcast clouds
137,Marawi,PH,2022-08-25 00:17:39,7.9986,124.2928,74.25,81,95,1.34,overcast clouds
138,Saskylakh,RU,2022-08-25 00:10:53,71.9167,114.0833,42.67,82,100,11.74,light rain
139,Sorland,NO,2022-08-25 00:17:40,67.667,12.6934,57.06,64,66,7.78,broken clouds
140,Kupang,ID,2022-08-25 00:17:41,-10.1667,123.5833,79.9,61,94,17.9,overcast clouds
141,Sabha,LY,2022-08-25 00:17:41,27.0377,14.4283,87.37,32,0,18.54,clear sky
142,Fortuna,US,2022-08-25 00:15:59,40.5982,-124.1573,66.09,95,100,11.5,overcast clouds
143,Shimoda,JP,2022-08-25 00:17:42,34.6667,138.95,77.36,78,79,9.84,broken clouds
144,Tromso,NO,2022-08-25 00:17:42,69.6496,18.957,46.42,87,20,3.44,few clouds
145,Nguruka,TZ,2022-08-25 00:17:43,-5.1092,31.0419,67.21,38,3,3.36,clear sky
146,Ramachandrapuram,IN,2022-08-25 00:17:43,16.85,82.0167,78.78,80,100,3.51,overcast clouds
147,Yen Bai,VN,2022-08-25 00:17:44,21.7,104.8667,79.95,92,100,3.67,overcast clouds
148,Kovdor,RU,2022-08-25 00:17:44,67.5662,30.4758,44.67,86,56,4.36,broken clouds
149,La Rioja,ES,2022-08-25 00:16:15,42.25,-2.5,65.98,79,67,6.46,broken clouds
150,Nome,US,2022-08-25 00:17:45,64.5011,-165.4064,51.17,76,100,10.36,overcast clouds
151,Norman Wells,CA,2022-08-25 00:15:35,65.282,-126.8329,69.84,64,75,4.61,smoke
152,Aksarka,RU,2022-08-25 00:17:46,66.5606,67.7975,52.95,64,69,15.57,broken clouds
153,Ampere,BR,2022-08-25 00:16:20,-25.915,-53.4728,60.35,83,1,3.22,clear sky
154,Tazovskiy,RU,2022-08-25 00:17:47,67.4667,78.7,46.94,88,63,20.54,broken clouds
155,Kazachinskoye,RU,2022-08-25 00:17:47,57.6953,93.2761,51.82,96,63,3.58,broken clouds
156,Lewistown,US,2022-08-25 00:17:48,40.5992,-77.5714,77.74,91,20,0.0,few clouds
157,Varhaug,NO,2022-08-25 00:17:48,58.6147,5.6457,70.48,74,57,19.8,broken clouds
158,Port Blair,IN,2022-08-25 00:17:49,11.6667,92.75,77.04,94,40,2.3,scattered clouds
159,Lasa,IT,2022-08-25 00:17:49,46.6166,10.7002,63.48,83,15,1.92,few clouds
160,Kahului,US,2022-08-25 00:13:39,20.8947,-156.47,89.62,56,20,13.8,few clouds
161,Torbat-E Jam,IR,2022-08-25 00:17:50,35.244,60.6225,63.64,22,0,15.7,clear sky
162,Hervey Bay,AU,2022-08-25 00:17:51,-25.2986,152.8535,57.9,47,0,3.74,clear sky
163,Lanxi,CN,2022-08-25 00:17:51,29.2195,119.477,84.87,74,38,2.33,scattered clouds
164,Mount Isa,AU,2022-08-25 00:16:09,-20.7333,139.5,62.37,20,0,18.41,clear sky
165,Santa Fe,AR,2022-08-25 00:17:14,-31.6333,-60.7,73.02,59,7,1.99,clear sky
166,Naze,JP,2022-08-25 00:17:53,28.3667,129.4833,85.12,79,100,9.48,overcast clouds
167,Karratha,AU,2022-08-25 00:17:53,-20.7377,116.8463,66.18,22,4,19.62,clear sky
168,Maraba,BR,2022-08-25 00:17:53,-5.3686,-49.1178,80.78,78,0,2.3,clear sky
169,Saint-Pierre,RE,2022-08-25 00:15:43,-21.3393,55.4781,67.68,63,75,6.91,broken clouds
170,Tihemetsa,EE,2022-08-25 00:17:54,58.1462,25.0459,63.68,95,100,3.94,overcast clouds
171,Barrow,US,2022-08-25 00:15:29,71.2906,-156.7887,41.02,100,100,5.75,fog
172,Dingle,PH,2022-08-25 00:10:49,10.9995,122.6711,81.59,83,65,3.96,broken clouds
173,Ginda,IN,2022-08-25 00:17:55,30.6945,78.4932,62.96,84,64,4.0,broken clouds
174,Coquimbo,CL,2022-08-25 00:17:56,-29.9533,-71.3436,53.33,93,100,3.44,overcast clouds
175,Los Llanos De Aridane,ES,2022-08-25 00:17:56,28.6585,-17.9182,69.55,73,100,12.66,overcast clouds
176,Aswan,EG,2022-08-25 00:17:57,24.0934,32.907,91.81,19,3,11.18,clear sky
177,Akureyri,IS,2022-08-25 00:17:58,65.6835,-18.0878,48.13,93,100,8.05,light intensity drizzle
178,Akyab,MM,2022-08-25 00:17:58,20.15,92.9,78.69,91,4,6.22,clear sky
179,Ancud,CL,2022-08-25 00:15:37,-41.8697,-73.8203,45.23,81,100,6.06,light rain
180,Faya,SA,2022-08-25 00:17:59,18.3851,42.4509,66.72,43,90,3.8,overcast clouds
181,Simmerath,DE,2022-08-25 00:17:59,50.6,6.3,67.82,52,3,6.15,clear sky
182,Tasiilaq,GL,2022-08-25 00:18:00,65.6145,-37.6368,36.32,75,32,5.61,scattered clouds
183,Hobyo,SO,2022-08-25 00:18:00,5.3505,48.5268,76.93,77,98,21.83,overcast clouds
184,Rabo De Peixe,PT,2022-08-25 00:18:01,37.8,-25.5833,70.29,70,20,2.3,few clouds
185,Ayagoz,KZ,2022-08-25 00:18:02,47.9714,80.4392,50.16,55,0,9.46,clear sky
186,Nangong,CN,2022-08-25 00:18:02,37.3581,115.3744,73.24,81,100,3.67,overcast clouds
187,Toora-Khem,RU,2022-08-25 00:18:03,52.4675,96.11,47.93,76,89,2.46,overcast clouds
188,Lebedinyy,RU,2022-08-25 00:18:03,58.5167,125.5167,41.77,94,100,5.95,light rain
189,Kingman,US,2022-08-25 00:17:17,35.1894,-114.053,97.2,24,0,13.8,clear sky
190,Carauari,BR,2022-08-25 00:18:04,-4.8828,-66.8958,78.49,53,21,0.76,few clouds
191,Ahipara,NZ,2022-08-25 00:18:05,-35.1667,173.1667,61.14,96,100,21.52,light rain
192,Kodiak,US,2022-08-25 00:10:34,57.79,-152.4072,58.51,82,100,0.0,overcast clouds
193,Rossland,CA,2022-08-25 00:18:06,49.0831,-117.8022,64.29,74,56,9.55,broken clouds
194,Cidreira,BR,2022-08-25 00:18:06,-30.1811,-50.2056,61.03,86,18,6.8,few clouds
195,Leshukonskoye,RU,2022-08-25 00:18:07,64.8989,45.7622,51.35,64,100,3.83,overcast clouds
196,Namibe,AO,2022-08-25 00:18:07,-15.1961,12.1522,61.38,88,65,10.31,broken clouds
197,Borovichi,RU,2022-08-25 00:18:08,58.3878,33.9155,62.15,60,10,5.14,clear sky
198,Kasongo-Lunda,CD,2022-08-25 00:18:08,-6.4667,16.8167,72.57,70,47,1.72,scattered clouds
199,Bani,DO,2022-08-25 00:18:09,18.2833,-70.3333,82.85,78,74,7.83,broken clouds
200,Katsuura,JP,2022-08-25 00:18:09,35.1333,140.3,78.82,81,92,10.02,overcast clouds
201,Mar Del Plata,AR,2022-08-25 00:15:21,-38.0023,-57.5575,59.09,78,51,1.99,broken clouds
202,Lavrentiya,RU,2022-08-25 00:11:58,65.5833,-171.0,42.22,85,99,9.84,overcast clouds
203,Mayo,US,2022-08-25 00:18:10,38.8876,-76.5119,84.18,76,0,3.44,clear sky
204,Severo-Kurilsk,RU,2022-08-25 00:18:11,50.6789,156.125,56.14,82,74,16.96,broken clouds
205,Sanary-Sur-Mer,FR,2022-08-25 00:18:11,43.1178,5.8001,74.88,79,1,3.42,clear sky
206,Port-Cartier,CA,2022-08-25 00:18:12,50.0334,-66.8654,64.74,90,73,1.63,broken clouds
207,Sinyavino,RU,2022-08-25 00:18:12,59.9078,31.0711,73.06,1,77,6.08,light rain
208,Dobryanka,RU,2022-08-25 00:18:13,58.4619,56.4165,61.57,84,60,3.22,broken clouds
209,Hohhot,CN,2022-08-25 00:18:13,40.8106,111.6522,57.49,62,0,2.24,clear sky
210,Hermiston,US,2022-08-25 00:14:53,45.8404,-119.2895,98.82,26,0,3.44,clear sky
211,Alyangula,AU,2022-08-25 00:18:14,-13.8483,136.4192,71.26,49,57,17.81,broken clouds
212,Matay,EG,2022-08-25 00:16:14,28.419,30.7792,84.29,42,0,12.17,clear sky
213,Hambantota,LK,2022-08-25 00:16:22,6.1241,81.1185,78.21,81,74,18.61,broken clouds
214,Qandala,SO,2022-08-25 00:17:22,11.472,49.8728,86.85,55,5,2.86,clear sky
215,Olafsvik,IS,2022-08-25 00:18:16,64.8945,-23.7142,48.85,86,93,10.78,overcast clouds
216,Kristiansund,NO,2022-08-25 00:18:16,63.1115,7.732,70.45,52,75,8.05,light rain
217,Bilibino,RU,2022-08-25 00:18:17,68.0546,166.4372,60.17,56,100,3.96,overcast clouds
218,Uyemskiy,RU,2022-08-25 00:15:12,64.4743,40.8524,55.45,100,40,8.95,thunderstorm
219,Mae Sai,TH,2022-08-25 00:18:18,20.4335,99.8762,74.14,96,99,1.9,overcast clouds
220,Kiunga,PG,2022-08-25 00:18:19,-6.1219,141.2906,73.94,99,99,0.92,overcast clouds
221,Ponta Do Sol,PT,2022-08-25 00:16:18,32.6667,-17.1,72.23,70,9,4.65,clear sky
222,Nizhniy Tsasuchey,RU,2022-08-25 00:18:19,50.5167,115.1333,50.88,52,16,17.76,few clouds
223,Soe,ID,2022-08-25 00:18:20,-9.8607,124.284,68.83,67,91,10.16,overcast clouds
224,Harper,LR,2022-08-25 00:18:20,4.375,-7.7169,75.92,80,53,7.36,broken clouds
225,Vila Velha,BR,2022-08-25 00:18:21,-20.3297,-40.2925,71.55,91,20,6.91,few clouds
226,Broome,US,2022-08-25 00:13:39,42.2506,-75.833,73.78,64,0,4.61,clear sky
227,Puerto Leguizamo,CO,2022-08-25 00:18:22,-0.1934,-74.7819,73.99,81,95,1.86,overcast clouds
228,Labuan,MY,2022-08-25 00:18:22,5.2767,115.2417,79.16,94,20,1.14,few clouds
229,Bud,US,2022-08-25 00:18:23,39.447,-86.1758,80.91,70,1,5.66,clear sky
230,Zhigansk,RU,2022-08-25 00:15:26,66.7697,123.3711,48.97,63,15,8.95,few clouds
231,Port Moresby,PG,2022-08-25 00:18:24,-9.4431,147.1797,81.82,78,40,4.61,scattered clouds
232,Brae,GB,2022-08-25 00:18:24,60.3964,-1.353,55.29,85,93,8.84,overcast clouds
233,Airai,TL,2022-08-25 00:15:35,-8.9266,125.4092,63.05,67,93,5.55,overcast clouds
234,Makat,KZ,2022-08-25 00:18:25,47.6469,53.3463,73.69,39,0,8.57,clear sky
235,Halifax,CA,2022-08-25 00:16:04,44.6453,-63.5724,69.69,97,84,5.99,broken clouds
236,Cordoba,AR,2022-08-25 00:18:26,-31.4135,-64.1811,71.76,56,0,6.91,clear sky
237,Soroti,UG,2022-08-25 00:18:26,1.7146,33.6111,63.63,95,89,3.67,light rain
238,Kaitangata,NZ,2022-08-25 00:15:22,-46.2817,169.8464,49.19,62,100,1.88,overcast clouds
239,Jieshi,CN,2022-08-25 00:18:27,22.8134,115.8257,81.81,80,15,14.97,few clouds
240,Alice Springs,AU,2022-08-25 00:16:12,-23.7,133.8833,51.35,40,0,10.36,clear sky
241,Sur,OM,2022-08-25 00:18:28,22.5667,59.5289,85.95,61,100,7.43,overcast clouds
242,Mezen,RU,2022-08-25 00:18:29,65.8522,44.24,50.07,72,94,2.42,overcast clouds
243,Inhambane,MZ,2022-08-25 00:18:29,-23.865,35.3833,65.34,86,0,5.06,clear sky
244,Campo Bom,BR,2022-08-25 00:18:30,-29.6789,-51.0533,69.26,77,7,2.59,clear sky
245,Yecla,ES,2022-08-25 00:18:30,38.6137,-1.1147,71.37,79,24,2.73,few clouds
246,Port Hardy,CA,2022-08-25 00:15:34,50.6996,-127.4199,62.78,82,20,8.05,fog
247,Sambava,MG,2022-08-25 00:11:28,-14.2667,50.1667,66.0,86,55,11.79,light rain
248,Chumikan,RU,2022-08-25 00:18:31,54.7183,135.315,59.25,64,24,8.48,few clouds
249,Shelburne,CA,2022-08-25 00:18:32,44.0787,-80.2041,70.59,89,32,5.3,scattered clouds
250,Jiuquan,CN,2022-08-25 00:18:32,39.7432,98.5174,67.64,54,69,3.67,broken clouds
251,Key West,US,2022-08-25 00:15:18,24.5557,-81.7826,89.6,71,0,4.61,clear sky
252,Yar-Sale,RU,2022-08-25 00:18:33,66.8333,70.8333,51.66,72,59,20.94,broken clouds
253,Bara,NG,2022-08-25 00:18:34,10.3744,10.7288,72.55,88,100,3.76,overcast clouds
254,Lorengau,PG,2022-08-25 00:11:36,-2.0226,147.2712,83.98,64,6,6.4,clear sky
255,Tiznit,MA,2022-08-25 00:18:34,29.5833,-9.5,76.6,48,69,1.25,broken clouds
256,Wajima,JP,2022-08-25 00:15:31,37.4,136.9,74.08,88,75,3.44,light intensity shower rain
257,Mahebourg,MU,2022-08-25 00:10:28,-20.4081,57.7,68.25,66,81,14.41,light rain
258,Chaykovskiy,RU,2022-08-25 00:18:35,56.7686,54.1148,65.73,68,71,3.15,broken clouds
259,Axim,GH,2022-08-25 00:18:36,4.8699,-2.2405,73.45,89,7,4.54,clear sky
260,Pevek,RU,2022-08-25 00:15:42,69.7008,170.3133,44.2,81,65,2.93,broken clouds
261,Bonthe,SL,2022-08-25 00:12:05,7.5264,-12.505,76.06,86,100,14.9,light rain
262,Great Yarmouth,GB,2022-08-25 00:18:37,52.6083,1.7305,70.02,83,57,7.36,broken clouds
263,Sibolga,ID,2022-08-25 00:16:18,1.7427,98.7792,74.46,95,100,1.88,overcast clouds
264,Kraslava,LV,2022-08-25 00:18:38,55.8951,27.168,64.63,65,100,4.5,overcast clouds
265,Princeton,US,2022-08-25 00:18:38,25.5384,-80.4089,86.02,77,20,8.05,few clouds
266,Yurty,RU,2022-08-25 00:18:39,56.0498,97.6348,50.56,98,100,4.81,overcast clouds
267,Kedougou,SN,2022-08-25 00:18:39,12.5579,-12.1743,73.13,96,100,2.01,light rain
268,Ucluelet,CA,2022-08-25 00:18:40,48.9329,-125.5528,75.09,73,11,3.0,few clouds
269,Hofn,IS,2022-08-25 00:11:40,64.2539,-15.2082,50.67,81,89,10.16,overcast clouds
270,Tamandare,BR,2022-08-25 00:18:40,-8.7597,-35.1047,71.87,82,64,10.31,broken clouds
271,Jhinjhak,IN,2022-08-25 00:18:41,26.5667,79.7333,79.86,78,12,4.27,few clouds
272,Boralday,KZ,2022-08-25 00:18:41,43.3578,76.8594,66.06,34,75,6.71,broken clouds
273,Vostok,RU,2022-08-25 00:15:47,46.4856,135.8833,64.22,54,23,1.72,few clouds
274,Hay River,CA,2022-08-25 00:15:33,60.8156,-115.7999,67.98,73,75,6.91,smoke
275,Chuy,UY,2022-08-25 00:10:55,-33.6971,-53.4616,56.23,93,36,3.6,scattered clouds
276,Andros Town,BS,2022-08-25 00:18:43,24.7,-77.7667,85.96,70,11,11.23,few clouds
277,Isangel,VU,2022-08-25 00:17:00,-19.55,169.2667,82.51,74,40,5.75,scattered clouds
278,Taltal,CL,2022-08-25 00:18:44,-25.4,-70.4833,57.54,82,26,5.21,scattered clouds
279,Prainha,BR,2022-08-25 00:18:44,-1.8,-53.48,76.53,82,92,2.46,overcast clouds
280,Novyy Buh,UA,2022-08-25 00:18:45,47.6931,32.5216,73.22,23,34,13.09,scattered clouds
281,Kiruna,SE,2022-08-25 00:18:45,67.8557,20.2251,47.32,87,4,6.91,clear sky
282,Nakasongola,UG,2022-08-25 00:18:46,1.3089,32.4564,65.88,82,94,4.81,overcast clouds
283,Choix,MX,2022-08-25 00:18:47,26.7092,-108.3219,88.5,61,100,2.91,overcast clouds
284,Basco,PH,2022-08-25 00:18:47,20.4487,121.9702,84.2,80,10,9.69,clear sky
285,Truth Or Consequences,US,2022-08-25 00:16:09,33.1284,-107.2528,85.15,34,40,9.22,scattered clouds
286,Soloneshnoye,RU,2022-08-25 00:18:48,51.6544,84.3197,46.72,87,0,3.94,clear sky
287,Shakawe,BW,2022-08-25 00:18:48,-18.3667,21.85,57.4,42,7,5.79,clear sky
288,Elizabeth City,US,2022-08-25 00:16:48,36.2946,-76.2511,80.62,81,75,4.61,broken clouds
289,La Ronge,CA,2022-08-25 00:18:49,55.1001,-105.2842,73.65,49,20,6.91,smoke
290,Sinjar,IQ,2022-08-25 00:18:50,36.3209,41.8754,86.31,35,0,10.83,clear sky
291,Gotsu,JP,2022-08-25 00:18:50,35.0,132.2167,75.85,94,78,8.39,broken clouds
292,Palmeira Das Missoes,BR,2022-08-25 00:18:51,-27.8994,-53.3136,59.34,84,9,5.91,clear sky
293,Pio Ix,BR,2022-08-25 00:18:51,-6.8375,-40.5792,74.26,53,88,13.22,overcast clouds
294,Staritsa,RU,2022-08-25 00:18:52,56.5075,34.9354,61.21,57,34,4.25,scattered clouds
295,Malinovskiy,RU,2022-08-25 00:15:16,61.1953,62.8397,58.39,57,68,5.23,broken clouds
296,Boyolangu,ID,2022-08-25 00:18:53,-8.1181,111.8935,74.62,83,91,8.25,overcast clouds
297,Half Moon Bay,US,2022-08-25 00:15:21,37.4636,-122.4286,87.04,76,100,23.02,mist
298,Alanya,TR,2022-08-25 00:18:53,36.5438,31.9998,75.33,66,0,3.98,clear sky
299,Sao Joao Da Barra,BR,2022-08-25 00:14:11,-21.6403,-41.0511,69.87,83,62,18.41,broken clouds
300,Mirandopolis,BR,2022-08-25 00:18:54,-21.1336,-51.1017,72.34,41,9,7.36,clear sky
301,Arman,RU,2022-08-25 00:18:55,59.7,150.1667,53.94,82,100,8.52,overcast clouds
302,Issoire,FR,2022-08-25 00:18:55,45.55,3.25,65.46,61,81,5.91,broken clouds
303,Fidenza,IT,2022-08-25 00:18:56,44.864,10.0667,71.82,62,8,3.02,clear sky
304,Hovd,MN,2022-08-25 00:17:01,48.0056,91.6419,53.04,42,0,2.75,clear sky
305,Pocinhos,BR,2022-08-25 00:18:57,-7.0767,-36.0611,66.49,92,71,12.73,broken clouds
306,Abu Samrah,SY,2022-08-25 00:18:57,35.3029,37.1841,72.55,71,0,6.49,clear sky
307,Karasjok,NO,2022-08-25 00:18:57,69.4719,25.5112,48.02,80,41,8.43,scattered clouds
308,Yabelo,ET,2022-08-25 00:18:58,4.8833,38.0833,59.88,69,89,11.41,overcast clouds
309,Qaanaaq,GL,2022-08-25 00:10:41,77.484,-69.3632,37.0,87,100,5.91,overcast clouds
310,Haverfordwest,GB,2022-08-25 00:18:59,51.8017,-4.9691,58.59,95,97,3.96,overcast clouds
311,Tarauaca,BR,2022-08-25 00:19:00,-8.1614,-70.7656,76.84,48,2,0.56,clear sky
312,Saldanha,ZA,2022-08-25 00:15:10,-33.0117,17.9442,57.29,85,100,23.51,overcast clouds
313,Cherskiy,RU,2022-08-25 00:14:41,68.75,161.3,64.31,51,74,6.42,broken clouds
314,Tuatapere,NZ,2022-08-25 00:10:36,-46.1333,167.6833,49.5,54,98,0.94,overcast clouds
315,Waipawa,NZ,2022-08-25 00:19:01,-41.4122,175.5153,54.23,69,90,8.55,overcast clouds
316,Les Cayes,HT,2022-08-25 00:19:01,18.2,-73.75,80.2,79,40,5.5,scattered clouds
317,Cessnock,AU,2022-08-25 00:19:02,-32.8333,151.35,61.52,57,2,6.24,clear sky
318,Soyo,AO,2022-08-25 00:19:02,-6.1349,12.3689,70.86,92,53,5.14,broken clouds
319,Qaqortoq,GL,2022-08-25 00:15:09,60.7167,-46.0333,44.64,94,93,1.1,overcast clouds
320,Srivaikuntam,IN,2022-08-25 00:19:03,8.6167,77.9333,78.33,70,90,5.26,overcast clouds
321,Gillette,US,2022-08-25 00:19:04,44.2911,-105.5022,82.11,35,0,9.22,clear sky
322,Traverse City,US,2022-08-25 00:16:46,44.7631,-85.6206,77.11,78,75,4.61,broken clouds
323,Lagoa,PT,2022-08-25 00:19:05,39.05,-27.9833,72.54,78,94,11.83,light rain
324,Marinette,US,2022-08-25 00:19:05,45.1,-87.6307,72.05,88,0,8.05,clear sky
325,Kajiado,KE,2022-08-25 00:19:06,-1.8524,36.7768,54.75,82,42,6.62,scattered clouds
326,Dakoro,NE,2022-08-25 00:19:06,14.5106,6.765,81.45,61,59,10.69,light rain
327,Nador,MA,2022-08-25 00:19:07,35.174,-2.9287,77.25,83,0,2.3,clear sky
328,Laguna,US,2022-08-25 00:19:07,38.421,-121.4238,105.31,26,0,10.36,clear sky
329,Envira,BR,2022-08-25 00:19:08,-7.3,-70.2167,77.59,46,4,1.25,clear sky
330,Emerald,AU,2022-08-25 00:19:08,-23.5333,148.1667,58.33,45,2,18.32,clear sky
331,Duluth,US,2022-08-25 00:16:39,46.7833,-92.1066,68.07,85,100,20.71,light rain
332,Carnarvon,AU,2022-08-25 00:14:49,-24.8667,113.6333,66.74,28,3,6.96,clear sky
333,Yuncheng,CN,2022-08-25 00:14:09,35.0231,110.9928,68.7,94,100,5.12,overcast clouds
334,Havelock,US,2022-08-25 00:19:10,34.8791,-76.9013,81.95,87,20,3.44,few clouds
335,Abu Dhabi,AE,2022-08-25 00:15:36,24.4667,54.3667,91.51,76,0,5.75,clear sky
336,Havoysund,NO,2022-08-25 00:19:10,70.9963,24.6622,48.43,83,100,1.66,overcast clouds
337,Vila Franca Do Campo,PT,2022-08-25 00:19:11,37.7167,-25.4333,71.2,84,98,5.75,overcast clouds
338,Umm Kaddadah,SD,2022-08-25 00:19:12,13.6017,26.6876,80.44,65,84,14.97,broken clouds
339,Kapan,AM,2022-08-25 00:19:12,39.2075,46.4058,64.35,40,0,4.79,clear sky
340,Uruguaiana,BR,2022-08-25 00:16:23,-29.7547,-57.0883,66.13,94,0,6.91,clear sky
341,Washington,US,2022-08-25 00:15:46,47.5001,-120.5015,93.58,24,19,2.19,few clouds
342,Aklavik,CA,2022-08-25 00:19:13,68.2191,-135.0107,65.25,66,100,4.09,overcast clouds
343,Auki,SB,2022-08-25 00:19:14,-8.7676,160.7034,85.59,60,74,1.92,broken clouds
344,Kutum,SD,2022-08-25 00:19:14,14.2,24.6667,75.42,68,70,4.97,broken clouds
345,Smithers,CA,2022-08-25 00:15:14,54.7804,-127.1743,88.12,29,20,4.61,few clouds
346,Ladario,BR,2022-08-25 00:16:56,-19.0047,-57.6017,75.83,35,31,3.76,scattered clouds
347,Huejuquilla El Alto,MX,2022-08-25 00:19:16,22.6,-103.8667,77.41,52,69,2.75,broken clouds
348,Abha,SA,2022-08-25 00:19:16,18.2164,42.5053,66.45,64,0,0.0,clear sky
349,Maldonado,UY,2022-08-25 00:19:17,-34.6667,-54.9167,58.23,86,7,4.5,clear sky
350,Pisco,PE,2022-08-25 00:16:10,-13.7,-76.2167,60.85,82,20,9.22,mist
351,Tucuma,BR,2022-08-25 00:15:22,-0.1833,-50.05,76.64,90,12,7.34,few clouds
352,Sangar,RU,2022-08-25 00:19:18,63.9242,127.4739,50.16,67,42,10.4,scattered clouds
353,Ulundi,ZA,2022-08-25 00:19:18,-28.3352,31.4162,57.16,65,0,4.43,clear sky
354,Hamilton,US,2022-08-25 00:15:57,39.1834,-84.5333,79.05,60,20,3.44,few clouds
355,Egvekinot,RU,2022-08-25 00:17:18,66.3167,-179.1667,43.05,95,100,9.4,moderate rain
356,Letka,RU,2022-08-25 00:19:19,59.6011,49.4232,62.02,84,59,4.56,broken clouds
357,Broken Hill,AU,2022-08-25 00:19:19,-31.95,141.4333,51.82,63,7,8.03,clear sky
358,Hami,CN,2022-08-25 00:10:57,42.8,93.45,74.93,14,88,0.92,overcast clouds
359,Ellisras,ZA,2022-08-25 00:19:20,-23.6649,27.7443,52.65,52,0,3.74,clear sky
360,Coihaique,CL,2022-08-25 00:19:02,-45.5752,-72.0662,42.75,70,75,4.61,broken clouds
361,Pozo Colorado,PY,2022-08-25 00:19:21,-23.4923,-58.7972,75.43,44,15,6.38,few clouds
362,Bytow,PL,2022-08-25 00:19:21,54.1706,17.4919,62.2,98,38,5.39,scattered clouds
363,Shetpe,KZ,2022-08-25 00:19:22,44.1667,52.1167,70.34,25,0,6.98,clear sky
364,Kalmunai,LK,2022-08-25 00:19:22,7.4167,81.8167,77.43,78,88,4.05,overcast clouds
365,Ozark,US,2022-08-25 00:19:23,37.0209,-93.206,83.39,59,2,7.65,clear sky
366,Bengkulu,ID,2022-08-25 00:15:58,-3.8004,102.2655,74.21,88,75,4.05,broken clouds
367,Bilma,NE,2022-08-25 00:19:24,18.6853,12.9164,90.27,37,35,14.05,scattered clouds
368,Mansa,IN,2022-08-25 00:19:24,29.9833,75.3833,78.06,86,87,6.78,overcast clouds
369,Casablanca,MA,2022-08-25 00:19:25,33.5928,-7.6192,71.82,81,37,6.78,scattered clouds
370,Touros,BR,2022-08-25 00:16:07,-5.1989,-35.4608,74.75,80,56,17.05,broken clouds
371,Zonguldak,TR,2022-08-25 00:19:26,41.25,31.8333,68.85,91,100,2.26,light rain
372,Rock Sound,BS,2022-08-25 00:19:26,24.9,-76.2,83.77,71,21,9.73,few clouds
373,Gladstone,AU,2022-08-25 00:19:27,-23.85,151.25,64.33,34,0,8.05,clear sky
374,Canon City,US,2022-08-25 00:19:27,38.441,-105.2424,85.39,22,0,11.5,clear sky
375,Virginia Beach,US,2022-08-25 00:16:16,36.8529,-75.978,83.01,74,40,0.0,scattered clouds
376,Puerto Del Rosario,ES,2022-08-25 00:19:28,28.5004,-13.8627,73.15,78,40,20.71,scattered clouds
377,Denpasar,ID,2022-08-25 00:15:00,-8.65,115.2167,80.26,78,40,18.41,scattered clouds
378,Nantucket,US,2022-08-25 00:18:12,41.2835,-70.0995,75.99,71,0,4.61,clear sky
379,Nishihara,JP,2022-08-25 00:15:42,26.1842,127.7558,89.26,74,75,11.5,broken clouds
380,Tuktoyaktuk,CA,2022-08-25 00:15:49,69.4541,-133.0374,57.2,94,100,5.75,light rain
381,Gimli,CA,2022-08-25 00:19:29,50.6336,-96.9907,66.22,52,71,11.5,broken clouds
382,Lompoc,US,2022-08-25 00:19:30,34.6391,-120.4579,88.02,83,20,14.97,mist
383,Dungarpur,IN,2022-08-25 00:19:31,23.8333,73.7167,72.99,95,87,6.15,overcast clouds
384,Muriwai Beach,NZ,2022-08-25 00:19:31,-36.8167,174.45,57.47,94,100,18.01,light rain
385,Cuenca,EC,2022-08-25 00:19:32,-2.8833,-78.9833,57.33,58,75,9.22,broken clouds
386,Kushima,JP,2022-08-25 00:19:32,31.4583,131.2333,83.97,78,100,7.56,light rain
387,Araouane,ML,2022-08-25 00:17:27,18.9048,-3.5265,90.37,45,69,11.23,broken clouds
388,Mount Pleasant,US,2022-08-25 00:19:33,32.7941,-79.8626,81.0,88,0,1.99,clear sky
389,Kampene,CD,2022-08-25 00:19:35,-3.6,26.6667,72.34,66,57,2.19,broken clouds
390,Mangai,CD,2022-08-25 00:19:35,-4.05,19.5333,76.5,59,41,2.77,scattered clouds
391,Kanchanaburi,TH,2022-08-25 00:14:55,14.6333,99.1,75.36,92,100,3.74,overcast clouds
392,Presidente Dutra,BR,2022-08-25 00:19:36,-5.29,-44.49,85.86,36,94,3.89,overcast clouds
393,Beloha,MG,2022-08-25 00:19:37,-25.1667,45.05,64.4,81,47,11.92,scattered clouds
394,Sabang,ID,2022-08-25 00:15:40,5.8933,95.3214,80.15,80,100,22.3,overcast clouds
395,Karatau,KZ,2022-08-25 00:19:37,43.1667,70.4667,59.52,37,0,3.44,clear sky
396,Dongsheng,CN,2022-08-25 00:19:38,39.8161,109.9776,59.31,37,32,3.78,scattered clouds
397,Valleyview,CA,2022-08-25 00:19:38,55.0667,-117.2859,80.64,34,0,10.36,clear sky
398,Ossora,RU,2022-08-25 00:19:39,59.2353,163.0719,56.7,88,99,10.71,overcast clouds
399,Mampong,GH,2022-08-25 00:19:39,7.0627,-1.4001,68.47,94,29,4.74,scattered clouds
400,Fukue,JP,2022-08-25 00:19:40,32.6881,128.8419,82.76,74,75,6.91,broken clouds
401,Meadow Lake,US,2022-08-25 00:19:41,34.8014,-106.5436,81.46,54,87,4.27,overcast clouds
402,Rocha,UY,2022-08-25 00:15:26,-34.4833,-54.3333,52.99,92,5,4.59,clear sky
403,Matara,LK,2022-08-25 00:17:34,5.9485,80.5353,77.04,88,60,13.31,broken clouds
404,Fengzhen,CN,2022-08-25 00:19:42,40.4394,113.1536,58.32,51,5,2.95,clear sky
405,Ocean City,US,2022-08-25 00:15:34,39.2776,-74.5746,82.58,55,40,8.1,scattered clouds
406,Mogok,MM,2022-08-25 00:19:42,22.9167,96.5,66.88,89,24,1.52,few clouds
407,Petropavlovsk-Kamchatskiy,RU,2022-08-25 00:19:43,53.0452,158.6483,64.99,52,75,13.42,broken clouds
408,Buala,SB,2022-08-25 00:19:44,-8.145,159.5921,84.52,67,47,6.53,scattered clouds
409,Jumla,NP,2022-08-25 00:15:04,29.2747,82.1838,59.11,87,98,3.65,overcast clouds
410,Tadine,NC,2022-08-25 00:19:44,-21.55,167.8833,77.2,66,0,6.04,clear sky
411,Lima,PE,2022-08-25 00:15:28,-12.0432,-77.0282,61.9,80,100,8.05,overcast clouds
412,Stillwater,US,2022-08-25 00:19:45,36.1156,-97.0584,93.47,38,0,11.5,clear sky
413,Atar,MR,2022-08-25 00:18:06,20.5169,-13.0499,92.77,39,27,15.32,scattered clouds
414,Imbituba,BR,2022-08-25 00:16:50,-28.24,-48.6703,62.1,93,0,10.98,clear sky
415,Hangu,CN,2022-08-25 00:19:46,39.2489,117.7892,71.64,82,81,9.33,broken clouds
416,Flinders,AU,2022-08-25 00:19:47,-34.5833,150.8552,61.18,62,17,8.99,light rain
417,Khatanga,RU,2022-08-25 00:19:47,71.9667,102.5,46.26,79,100,12.12,overcast clouds
418,Yelizovo,RU,2022-08-25 00:19:48,53.1873,158.3805,66.34,52,75,13.42,broken clouds
419,Akdepe,TM,2022-08-25 00:19:48,42.0551,59.3788,60.89,58,0,8.12,clear sky
420,Olga,RU,2022-08-25 00:19:49,43.7444,135.2892,69.33,60,47,1.99,scattered clouds
421,Arrecife,ES,2022-08-25 00:19:49,28.963,-13.5477,73.38,78,20,14.97,few clouds
422,Pingliang,CN,2022-08-25 00:19:50,35.5392,106.6861,63.19,74,100,1.74,overcast clouds
423,Golden,US,2022-08-25 00:19:50,39.7555,-105.2211,87.96,31,75,5.01,broken clouds
424,Terralba,IT,2022-08-25 00:19:51,39.7192,8.6392,77.85,72,3,2.57,clear sky
425,Grants,US,2022-08-25 00:19:51,35.1473,-107.8514,77.23,33,100,11.5,overcast clouds
426,Grodzisk Wielkopolski,PL,2022-08-25 00:19:52,52.2276,16.3653,69.13,89,10,6.69,clear sky
427,Kaina,NG,2022-08-25 00:19:53,12.6374,8.5873,77.0,75,98,7.49,moderate rain
428,Port Lincoln,AU,2022-08-25 00:19:53,-34.7333,135.8667,55.71,85,100,6.35,overcast clouds
429,Vila,PT,2022-08-25 00:19:53,42.0304,-8.1588,62.71,85,25,4.74,scattered clouds
430,Chulym,RU,2022-08-25 00:19:54,55.0997,80.9572,52.86,87,9,3.53,clear sky
431,Wyndham,US,2022-08-25 00:19:55,37.6985,-77.6125,79.95,80,0,0.0,clear sky
432,Tyrma,RU,2022-08-25 00:19:55,50.0833,132.1667,59.58,76,100,3.04,overcast clouds
433,Frutigen,CH,2022-08-25 00:19:55,46.5878,7.6475,66.13,75,95,4.76,overcast clouds
434,Tiarei,PF,2022-08-25 00:19:56,-17.5333,-149.3333,82.42,79,52,19.66,light rain
435,Guiratinga,BR,2022-08-25 00:19:56,-16.3494,-53.7583,74.93,31,72,3.91,broken clouds
436,Glen Allen,US,2022-08-25 00:16:21,37.666,-77.5064,80.65,79,0,0.0,clear sky
437,Batagay,RU,2022-08-25 00:19:57,67.6333,134.6333,46.29,80,100,4.43,overcast clouds
438,Kaele,CM,2022-08-25 00:19:58,10.1092,14.4508,69.73,94,100,3.13,overcast clouds
439,Lata,PT,2022-08-25 00:16:56,40.1629,-8.3327,65.07,94,97,3.4,overcast clouds
440,Burnie,AU,2022-08-25 00:19:59,-41.0667,145.9167,55.94,63,57,6.64,broken clouds
441,Veraval,IN,2022-08-25 00:19:59,20.9,70.3667,79.41,87,51,11.27,broken clouds
442,Huron,US,2022-08-25 00:20:00,41.1501,-82.5499,76.73,76,3,3.04,clear sky
443,Gunnedah,AU,2022-08-25 00:20:00,-30.9833,150.25,51.15,58,3,5.3,clear sky
444,Dickinson,US,2022-08-25 00:20:01,29.4608,-95.0513,86.13,84,40,3.44,scattered clouds
445,Necochea,AR,2022-08-25 00:20:01,-38.5473,-58.7368,53.11,71,60,4.21,broken clouds
446,Torbay,CA,2022-08-25 00:17:47,47.6666,-52.7314,69.58,91,75,24.16,broken clouds
447,Gat,IL,2022-08-25 00:09:01,31.61,34.7642,80.4,70,0,6.85,clear sky
448,Boende,CD,2022-08-25 00:20:03,-0.2167,20.8667,71.74,93,80,2.86,light rain
449,The Valley,AI,2022-08-25 00:20:04,18.217,-63.0578,83.1,75,2,18.32,clear sky
450,Constanza,DE,2022-08-25 00:20:04,47.6603,9.1758,62.69,87,75,1.01,broken clouds
451,Hammerfest,NO,2022-08-25 00:20:05,70.6634,23.6821,48.65,100,0,3.44,clear sky
452,Goundam,ML,2022-08-25 00:15:50,16.4145,-3.6708,85.06,56,62,12.12,broken clouds
453,Cabedelo,BR,2022-08-25 00:20:06,-6.9811,-34.8339,72.27,82,34,13.56,scattered clouds
454,Xalpatlahuac,MX,2022-08-25 00:20:07,17.4667,-98.6167,68.81,81,80,4.81,broken clouds
455,Bambous Virieux,MU,2022-08-25 00:11:42,-20.3428,57.7575,68.22,63,83,14.65,light rain
456,Moron,AR,2022-08-25 00:20:07,-34.6534,-58.6198,66.06,79,22,5.75,few clouds
457,High Level,CA,2022-08-25 00:20:08,58.5169,-117.136,87.91,33,20,8.05,smoke
458,Saint-Augustin,CA,2022-08-25 00:15:47,51.226,-58.6502,61.03,92,97,5.99,overcast clouds
459,Northam,GB,2022-08-25 00:20:09,51.0333,-4.2167,62.38,83,100,7.07,overcast clouds
460,Viareggio,IT,2022-08-25 00:20:09,43.8735,10.2558,75.02,60,17,4.41,few clouds
461,Sola,VU,2022-08-25 00:20:10,-13.8833,167.55,81.27,83,75,0.0,broken clouds
462,Mitsamiouli,KM,2022-08-25 00:20:11,-11.3847,43.2844,73.96,82,4,7.7,clear sky
463,Yeroham,IL,2022-08-25 00:20:11,30.9872,34.9314,76.68,42,0,2.04,clear sky
464,Wenling,CN,2022-08-25 00:20:12,28.3669,121.36,83.84,79,64,2.75,broken clouds
465,Luanda,AO,2022-08-25 00:17:03,-8.8368,13.2343,69.8,94,75,4.61,broken clouds
466,Doha,QA,2022-08-25 00:06:57,25.2867,51.5333,91.71,67,100,5.91,overcast clouds
467,Benidorm,ES,2022-08-25 00:20:13,38.5382,-0.131,81.25,79,7,1.99,clear sky
468,Richards Bay,ZA,2022-08-25 00:20:14,-28.783,32.0377,64.71,74,0,13.58,clear sky
469,Sampit,ID,2022-08-25 00:20:14,-2.5333,112.95,76.48,90,98,2.01,overcast clouds
470,Ratingen,DE,2022-08-25 00:17:22,51.2972,6.8493,77.79,46,0,5.99,clear sky
471,Creel,MX,2022-08-25 00:20:15,27.75,-107.6333,64.06,77,94,3.76,overcast clouds
472,Castel San Pietro Terme,IT,2022-08-25 00:20:16,44.3986,11.5848,71.38,73,3,4.38,clear sky
473,Segezha,RU,2022-08-25 00:20:16,63.7415,34.3222,56.68,96,100,4.68,overcast clouds
474,Weiser,US,2022-08-25 00:20:17,44.251,-116.9693,100.31,24,23,1.01,few clouds
475,Ilhabela,BR,2022-08-25 00:18:08,-23.7781,-45.3581,67.98,93,81,11.43,broken clouds
476,Alofi,NU,2022-08-25 00:20:18,-19.0595,-169.9187,80.49,65,75,13.8,broken clouds
477,Caravelas,BR,2022-08-25 00:20:18,-17.7125,-39.2481,69.49,81,4,4.61,clear sky
478,Gonda,IN,2022-08-25 00:20:19,27.1333,81.9333,79.84,86,83,3.29,broken clouds
479,Machali,CL,2022-08-25 00:20:19,-34.1833,-70.6667,53.06,74,69,1.99,broken clouds
480,Ibotirama,BR,2022-08-25 00:20:21,-12.1853,-43.2206,76.86,38,27,7.16,scattered clouds
481,Atambua,ID,2022-08-25 00:17:10,-9.1061,124.8925,76.19,60,100,7.81,overcast clouds
482,Tsiroanomandidy,MG,2022-08-25 00:20:21,-18.7667,46.0333,56.93,70,4,2.68,clear sky
483,Voyvozh,RU,2022-08-25 00:20:22,62.892,54.9635,49.26,81,90,4.12,overcast clouds
484,Shellbrook,CA,2022-08-25 00:20:23,53.2168,-106.4011,74.43,43,21,3.13,few clouds
485,Morros,BR,2022-08-25 00:20:23,-9.4467,-46.3003,80.47,30,72,4.14,broken clouds
486,Novosil,RU,2022-08-25 00:20:24,52.9739,37.0405,68.54,45,28,7.16,scattered clouds
487,Sijunjung,ID,2022-08-25 00:20:25,-0.6876,100.9537,70.27,96,67,1.95,broken clouds
488,Margate,GB,2022-08-25 00:20:25,51.3813,1.3862,71.31,91,91,1.01,overcast clouds
489,Yulara,AU,2022-08-25 00:15:52,-25.2406,130.9889,51.89,40,0,16.51,clear sky
490,Takoradi,GH,2022-08-25 00:15:41,4.8845,-1.7554,73.33,87,11,4.07,few clouds
491,Itoman,JP,2022-08-25 00:20:26,26.1247,127.6694,89.98,74,75,11.5,broken clouds
492,Roros,NO,2022-08-25 00:20:27,62.5747,11.3842,49.84,93,49,1.14,scattered clouds
493,Macia,MZ,2022-08-25 00:20:28,-25.0269,33.0989,58.84,90,0,3.74,clear sky
494,San Ignacio,BZ,2022-08-25 00:20:28,17.1561,-89.0714,77.99,91,100,4.41,overcast clouds
495,Kochi,IN,2022-08-25 00:20:29,9.9399,76.2602,76.01,93,100,6.73,overcast clouds
496,Pangnirtung,CA,2022-08-25 00:20:29,66.1451,-65.7125,44.55,85,100,2.26,overcast clouds
497,Payo,ID,2022-08-25 00:20:30,-3.7508,103.6372,73.35,93,84,1.3,broken clouds
498,Mogadishu,SO,2022-08-25 00:20:31,2.0371,45.3438,74.93,88,69,17.2,light rain
499,Lagos,NG,2022-08-25 00:20:05,6.5833,3.75,77.32,89,100,2.57,overcast clouds
500,Huarmey,PE,2022-08-25 00:16:24,-10.0681,-78.1522,62.44,85,7,8.28,clear sky
501,Leh,IN,2022-08-25 00:20:32,34.1667,77.5833,59.68,63,90,4.92,overcast clouds
502,Muret,FR,2022-08-25 00:20:32,43.3333,1.25,76.44,61,100,1.99,overcast clouds
503,Pingzhuang,CN,2022-08-25 00:20:33,42.0372,119.2889,66.16,48,0,15.86,clear sky
504,Weihai,CN,2022-08-25 00:20:33,37.5017,122.1136,67.91,71,100,9.51,moderate rain
505,Nisia Floresta,BR,2022-08-25 00:20:34,-6.0911,-35.2086,77.38,79,38,13.04,scattered clouds
506,Oranjestad,AW,2022-08-25 00:19:48,12.524,-70.027,84.15,79,20,21.85,few clouds
507,Tarakan,ID,2022-08-25 00:18:27,3.3,117.6333,80.17,77,100,2.48,overcast clouds
508,Rio Gallegos,AR,2022-08-25 00:20:35,-51.6226,-69.2181,37.45,70,0,12.66,clear sky
509,Coahuayana,MX,2022-08-25 00:20:35,18.7333,-103.6833,85.23,67,26,4.68,scattered clouds
510,Tecoanapa,MX,2022-08-25 00:20:36,16.5167,-98.75,83.68,74,81,6.08,broken clouds
511,Bani Walid,LY,2022-08-25 00:20:36,31.7566,13.9942,73.44,70,0,2.95,clear sky
512,Tucuman,AR,2022-08-25 00:16:49,-26.8241,-65.2226,71.6,33,0,5.75,clear sky
513,Kailua,US,2022-08-25 00:20:38,21.4022,-157.7394,85.41,71,38,5.01,scattered clouds
514,Narsaq,GL,2022-08-25 00:20:38,60.9167,-46.05,46.62,93,89,3.06,overcast clouds
515,Beberibe,BR,2022-08-25 00:20:39,-4.1797,-38.1306,77.47,84,95,14.03,overcast clouds
516,Ullapool,GB,2022-08-25 00:20:39,57.8987,-5.1604,52.36,89,57,3.27,broken clouds
517,Srandakan,ID,2022-08-25 00:20:40,-7.9386,110.2506,76.41,80,88,8.81,overcast clouds
518,Tecolutla,MX,2022-08-25 00:20:40,20.4833,-97.0167,89.46,66,80,11.79,broken clouds
519,Asau,RO,2022-08-25 00:20:41,46.4333,26.4,65.32,51,85,6.22,overcast clouds
520,Karakol,KG,2022-08-25 00:20:42,42.4907,78.3936,57.9,64,100,0.83,overcast clouds
521,Viesca,MX,2022-08-25 00:20:42,25.35,-102.8,89.53,33,61,13.04,broken clouds
522,Sao Jose Da Coroa Grande,BR,2022-08-25 00:20:43,-8.8978,-35.1478,71.94,82,63,10.22,broken clouds
523,Dali,CN,2022-08-25 00:20:43,25.7,100.1833,64.72,89,98,2.26,overcast clouds
524,Clyde River,CA,2022-08-25 00:20:44,70.4692,-68.5914,35.83,93,100,5.75,overcast clouds
525,Metro,ID,2022-08-25 00:20:44,-5.1131,105.3067,75.11,90,68,4.36,broken clouds
526,Salalah,OM,2022-08-25 00:17:48,17.0151,54.0924,75.29,100,100,3.44,light intensity drizzle
527,Iquique,CL,2022-08-25 00:20:45,-20.2208,-70.1431,57.24,78,35,4.81,scattered clouds
528,Praia Da Vitoria,PT,2022-08-25 00:20:45,38.7333,-27.0667,71.85,88,20,7.07,few clouds
529,Camana,PE,2022-08-25 00:20:46,-16.6228,-72.7111,60.73,79,53,5.48,broken clouds
530,Roma,US,2022-08-25 00:20:47,43.2128,-75.4557,71.74,80,0,3.44,clear sky
531,Celestun,MX,2022-08-25 00:20:47,20.8667,-90.4,83.43,75,33,14.7,scattered clouds
532,Comodoro Rivadavia,AR,2022-08-25 00:19:29,-45.8667,-67.5,55.26,33,100,16.11,overcast clouds
533,Bereznik,RU,2022-08-25 00:20:48,62.8551,42.7072,56.57,90,58,4.88,broken clouds
534,Moramanga,MG,2022-08-25 00:20:49,-18.9333,48.2,54.9,96,87,3.8,overcast clouds
535,Randudongkal,ID,2022-08-25 00:20:50,-7.0981,109.3243,73.56,82,65,4.41,broken clouds
536,Bouillante,GP,2022-08-25 00:20:50,16.1304,-61.7692,79.83,76,1,9.89,clear sky
537,Odesskoye,RU,2022-08-25 00:20:51,54.2111,72.9651,56.91,63,1,7.16,clear sky
538,Yumen,CN,2022-08-25 00:20:51,40.2833,97.2,68.94,49,92,12.88,overcast clouds
539,Korla,CN,2022-08-25 00:17:24,41.7597,86.1469,74.7,23,89,8.7,overcast clouds
540,Kloulklubed,PW,2022-08-25 00:11:41,7.0419,134.2556,84.7,65,67,7.09,broken clouds
541,College,US,2022-08-25 00:20:52,64.8569,-147.8028,65.21,65,75,0.0,broken clouds
542,Pueblo Nuevo,MX,2022-08-25 00:20:53,23.3833,-105.3833,63.63,94,55,3.78,broken clouds
543,Geraldton,AU,2022-08-25 00:20:53,-28.7667,114.6,54.01,62,73,11.5,broken clouds
544,Tabas,IR,2022-08-25 00:20:54,33.5959,56.9244,70.72,15,0,4.25,clear sky
545,Santiago Del Estero,AR,2022-08-25 00:16:41,-27.7951,-64.2615,74.86,33,2,5.57,clear sky
546,Pospelikha,RU,2022-08-25 00:20:56,51.95,81.7667,51.93,72,0,8.37,clear sky
547,Svetlyy,RU,2022-08-25 00:20:56,54.675,20.1347,69.85,97,67,5.93,broken clouds
548,Xining,CN,2022-08-25 00:11:35,36.6167,101.7667,57.79,83,98,1.39,overcast clouds
549,Launceston,AU,2022-08-25 00:19:32,-41.45,147.1667,57.34,81,60,9.22,broken clouds
550,Nouadhibou,MR,2022-08-25 00:20:58,20.931,-17.0347,78.78,73,80,14.97,broken clouds
551,Lokhvytsya,UA,2022-08-25 00:20:58,50.3678,33.2602,66.45,45,2,8.75,clear sky
552,Sai Buri,TH,2022-08-25 00:20:59,6.7013,101.6168,76.71,86,98,3.83,overcast clouds
553,Hazorasp,UZ,2022-08-25 00:20:59,41.3194,61.0742,60.64,31,0,8.59,clear sky
554,Tocopilla,CL,2022-08-25 00:21:00,-22.092,-70.1979,61.36,71,23,10.25,few clouds
555,Hirara,JP,2022-08-25 00:16:23,24.8,125.2833,87.66,84,40,11.5,scattered clouds
556,El Fuerte,MX,2022-08-25 00:21:01,26.4189,-108.6194,91.67,54,100,7.78,overcast clouds
557,Macusani,PE,2022-08-25 00:21:01,-14.0833,-70.4333,38.16,74,65,4.07,broken clouds
558,Eureka,US,2022-08-25 00:19:46,40.8021,-124.1637,83.68,85,66,5.99,broken clouds
559,Kifri,IQ,2022-08-25 00:21:02,34.6959,44.9661,89.37,27,0,6.17,clear sky
560,Zaplavnoye,RU,2022-08-25 00:21:03,48.7048,45.0229,71.73,36,0,7.56,clear sky
561,Karpathos,GR,2022-08-25 00:21:04,35.507,27.2132,73.36,83,4,5.75,clear sky
562,Spanish Town,JM,2022-08-25 00:21:04,17.9911,-76.9574,83.82,80,20,21.85,few clouds
563,Sungairaya,ID,2022-08-25 00:21:05,0.7,108.9,77.95,88,99,7.36,light rain
564,Genhe,CN,2022-08-25 00:21:05,50.7833,121.5167,50.2,79,57,4.43,broken clouds
565,Krabi,TH,2022-08-25 00:21:06,8.0726,98.9105,83.05,99,20,2.3,few clouds
566,Belle Glade,US,2022-08-25 00:21:07,26.6845,-80.6676,85.01,74,93,8.75,overcast clouds
567,Elkton,US,2022-08-25 00:21:07,39.6068,-75.8333,80.78,68,1,2.42,clear sky
568,Leningradskiy,RU,2022-08-25 00:21:08,69.3833,178.4167,43.66,77,91,8.34,overcast clouds
569,San Andres Del Rabanedo,ES,2022-08-25 00:21:08,42.6117,-5.6167,65.77,77,0,5.01,clear sky
570,Oussouye,SN,2022-08-25 00:21:09,12.485,-16.5469,78.89,91,100,3.0,overcast clouds
571,Buraydah,SA,2022-08-25 00:21:09,26.326,43.975,86.45,15,1,8.86,clear sky
572,Kamloops,CA,2022-08-25 00:21:10,50.6665,-120.3192,92.57,31,20,3.44,few clouds
573,Grand Gaube,MU,2022-08-25 00:16:14,-20.0064,57.6608,70.2,64,71,5.01,broken clouds
574,Evensk,RU,2022-08-25 00:21:11,61.95,159.2333,53.53,80,100,8.99,overcast clouds
575,Kungurtug,RU,2022-08-25 00:21:12,50.5994,97.5228,41.25,68,37,0.65,scattered clouds
576,Ler,SS,2022-08-25 00:21:12,8.3018,30.1418,67.17,97,86,2.46,overcast clouds
577,Dabat,ET,2022-08-25 00:21:13,12.9842,37.765,51.28,89,86,3.24,light rain
578,Bako,ET,2022-08-25 00:21:13,5.7833,36.5667,65.66,62,65,4.36,broken clouds
579,Fort Nelson,CA,2022-08-25 00:21:14,58.8053,-122.7002,85.59,37,20,3.44,few clouds
580,Arteaga,MX,2022-08-25 00:21:14,18.4667,-102.4167,73.27,82,23,4.25,few clouds
581,Jinchang,CN,2022-08-25 00:21:15,38.4953,102.1739,62.2,72,21,4.05,few clouds
582,Vikhorevka,RU,2022-08-25 00:21:15,56.1201,101.1636,49.59,97,99,3.51,overcast clouds
583,Goure,NE,2022-08-25 00:21:16,13.9835,10.2704,74.37,75,100,7.18,overcast clouds
584,Kununurra,AU,2022-08-25 00:16:49,-15.7667,128.7333,67.98,15,13,17.27,few clouds
585,Lithakia,GR,2022-08-25 00:17:24,37.7167,20.8333,69.17,76,2,9.01,clear sky
586,Honiara,SB,2022-08-25 00:21:17,-9.4333,159.95,86.49,63,71,6.87,broken clouds
587,Smirnykh,RU,2022-08-25 00:21:17,49.75,142.8333,66.24,59,76,3.58,broken clouds
588,Zemio,CF,2022-08-25 00:21:18,5.0314,25.1361,67.41,97,72,2.46,broken clouds
589,Bacolod,PH,2022-08-25 00:21:19,10.6667,122.95,82.53,77,79,2.53,broken clouds
590,Letterkenny,IE,2022-08-25 00:21:19,54.95,-7.7333,51.93,94,16,5.12,few clouds
591,Anupshahr,IN,2022-08-25 00:21:20,28.3667,78.2667,79.16,79,61,3.83,broken clouds
592,Grandview,US,2022-08-25 00:18:49,38.8858,-94.533,87.94,56,0,8.05,clear sky
593,Neiafu,TO,2022-08-25 00:21:21,-18.65,-173.9833,81.28,74,75,8.05,broken clouds
594,Nuuk,GL,2022-08-25 00:16:55,64.1835,-51.7216,47.01,81,75,29.93,light intensity shower rain
595,Taunggyi,MM,2022-08-25 00:21:22,20.7833,97.0333,63.55,94,77,1.41,broken clouds
596,Anadyr,RU,2022-08-25 00:21:22,64.75,177.4833,48.7,93,75,29.08,light intensity shower rain
597,Cap Malheureux,MU,2022-08-25 00:21:23,-19.9842,57.6142,68.47,64,67,5.01,broken clouds
598,Azul,AR,2022-08-25 00:21:23,-36.777,-59.8585,62.35,53,64,4.41,broken clouds
599,Kawalu,ID,2022-08-25 00:21:24,-7.3817,108.2082,71.62,94,98,2.91,overcast clouds
600,Ostrovnoy,RU,2022-08-25 00:21:24,68.0531,39.5131,45.23,81,100,5.79,overcast clouds
601,Sept-Iles,CA,2022-08-25 00:18:18,50.2001,-66.3821,65.05,92,75,5.75,light rain
602,Karasburg,NA,2022-08-25 00:21:25,-28.0167,18.75,58.46,43,0,15.1,clear sky
603,Kemijarvi,FI,2022-08-25 00:21:26,66.7131,27.4306,46.27,94,30,3.15,scattered clouds
604,Antsohihy,MG,2022-08-25 00:21:26,-14.8796,47.9875,68.5,61,9,8.93,clear sky
605,Saint-Georges,GD,2022-08-25 00:14:52,12.0564,-61.7485,79.92,77,29,6.2,scattered clouds
606,Bealanana,MG,2022-08-25 00:21:27,-14.55,48.7333,52.27,94,77,5.3,broken clouds
607,Emilio Carranza,MX,2022-08-25 00:21:28,19.9711,-96.6114,83.75,73,89,6.89,overcast clouds
608,Aloleng,PH,2022-08-25 00:21:28,16.1307,119.7824,81.99,81,98,9.66,overcast clouds
609,San Estanislao,CO,2022-08-25 00:21:29,10.3983,-75.1511,84.09,86,69,5.61,broken clouds
610,Den Helder,NL,2022-08-25 00:21:29,52.9599,4.7593,71.98,85,100,8.05,overcast clouds
611,Upata,VE,2022-08-25 00:21:30,8.0086,-62.3989,74.19,98,96,3.0,overcast clouds
612,Veendam,NL,2022-08-25 00:21:30,53.1067,6.8792,70.11,73,78,8.86,broken clouds
613,Isiolo,KE,2022-08-25 00:21:31,0.3546,37.5822,65.14,68,34,12.64,scattered clouds
614,Kinango,KE,2022-08-25 00:21:31,-4.1372,39.3153,66.34,96,35,5.01,light rain
615,Eyl,SO,2022-08-25 00:21:32,7.9803,49.8164,77.4,69,17,20.8,few clouds
616,Palu,ID,2022-08-25 00:21:32,-0.8917,119.8707,79.7,84,91,2.28,moderate rain
617,Beringovskiy,RU,2022-08-25 00:16:33,63.05,179.3167,48.52,97,100,25.1,moderate rain
618,Odweyne,SO,2022-08-25 00:16:41,9.4092,45.064,70.79,57,14,18.28,few clouds
619,Twentynine Palms,US,2022-08-25 00:21:34,34.1356,-116.0542,97.97,30,18,15.59,few clouds
620,Costinesti,RO,2022-08-25 00:21:34,43.95,28.6333,74.44,79,24,12.77,few clouds
621,Corning,US,2022-08-25 00:20:01,42.1428,-77.0547,74.57,72,0,0.0,clear sky
622,Yakeshi,CN,2022-08-25 00:21:35,49.2833,120.7333,48.92,72,25,13.15,scattered clouds
623,Erice,IT,2022-08-25 00:21:36,38.037,12.5865,72.07,74,20,6.91,few clouds
624,Maningrida,AU,2022-08-25 00:21:37,-12.0667,134.2667,73.0,35,2,17.85,clear sky
625,Talaya,RU,2022-08-25 00:21:37,61.3833,152.75,47.44,92,100,10.02,light rain
626,Maues,BR,2022-08-25 00:21:38,-3.3836,-57.7186,78.53,70,52,1.28,broken clouds
627,Bembereke,BJ,2022-08-25 00:21:38,10.2283,2.6634,69.42,93,97,4.52,overcast clouds
628,Vestmanna,FO,2022-08-25 00:21:39,62.1564,-7.1664,49.12,100,100,13.8,light rain
629,La Orilla,MX,2022-08-25 00:21:39,17.9833,-102.2333,84.72,66,14,8.86,few clouds
630,Minnedosa,CA,2022-08-25 00:21:40,50.2453,-99.8436,64.96,53,100,8.72,overcast clouds
631,Kirtipur,NP,2022-08-25 00:21:41,27.6667,85.2833,69.73,94,75,3.44,broken clouds
632,Nizhnyaya Tavda,RU,2022-08-25 00:21:41,57.6731,66.1725,59.68,93,41,4.94,light rain
633,Riberalta,BO,2022-08-25 00:21:42,-10.9833,-66.1,79.52,40,24,0.38,few clouds
634,Dosso,NE,2022-08-25 00:21:42,13.049,3.1937,76.91,82,88,8.28,overcast clouds
635,Opochka,RU,2022-08-25 00:21:42,56.7105,28.6617,63.79,68,89,5.28,overcast clouds
636,Ayorou,NE,2022-08-25 00:21:43,14.7308,0.9174,82.89,64,84,12.64,broken clouds
637,Jasper,US,2022-08-25 00:21:43,37.2001,-94.3502,89.11,40,0,4.61,clear sky
638,Guapore,BR,2022-08-25 00:21:44,-28.8456,-51.8903,58.1,93,17,1.9,few clouds
639,Shimsk,RU,2022-08-25 00:21:44,58.212,30.7127,64.35,57,36,6.24,scattered clouds
640,Pangody,RU,2022-08-25 00:21:45,65.85,74.4859,48.67,77,34,18.5,scattered clouds
641,Port Macquarie,AU,2022-08-25 00:18:38,-31.4333,152.9167,59.9,44,0,2.68,clear sky
642,Ko Samui,TH,2022-08-25 00:18:17,9.5357,99.9357,82.31,78,20,4.61,few clouds
643,Kumukh,RU,2022-08-25 00:21:46,42.1704,47.1161,57.4,59,0,6.64,clear sky
644,Nioro,GM,2022-08-25 00:21:47,13.35,-15.75,74.46,86,100,2.55,overcast clouds
645,Tenkodogo,BF,2022-08-25 00:21:47,11.78,-0.3697,73.11,87,64,6.11,broken clouds
646,Shache,CN,2022-08-25 00:21:48,38.4167,77.2406,63.79,69,100,11.27,overcast clouds
647,Rincon,US,2022-08-25 00:18:16,32.296,-81.2354,82.36,81,75,5.75,broken clouds
648,Hirtshals,DK,2022-08-25 00:21:48,57.5881,9.9592,62.98,66,20,8.84,few clouds
649,Maniitsoq,GL,2022-08-25 00:16:57,65.4167,-52.9,42.89,94,100,16.42,light rain
650,Banda Aceh,ID,2022-08-25 00:21:50,5.5577,95.3222,77.94,86,100,13.69,overcast clouds
651,Zholymbet,KZ,2022-08-25 00:21:51,51.7433,71.7122,54.95,57,0,5.91,clear sky
652,Berlevag,NO,2022-08-25 00:21:51,70.8578,29.0864,55.35,62,100,18.41,overcast clouds
653,Akhtanizovskaya,RU,2022-08-25 00:21:52,45.32,37.1,77.49,40,27,23.58,scattered clouds
654,Kintinku,TZ,2022-08-25 00:21:54,-5.8833,35.2333,65.52,52,0,1.97,clear sky
655,Kangaatsiaq,GL,2022-08-25 00:21:54,68.3065,-53.4641,41.74,80,100,1.63,overcast clouds
656,Tommot,RU,2022-08-25 00:21:55,58.9564,126.2925,48.56,88,100,7.07,overcast clouds
657,Troitsko-Pechorsk,RU,2022-08-25 00:21:55,62.7084,56.1964,49.98,87,85,5.08,overcast clouds
658,Canutama,BR,2022-08-25 00:21:56,-6.5339,-64.3831,79.29,38,70,2.42,broken clouds
659,Seymchan,RU,2022-08-25 00:21:57,62.8833,152.4333,48.87,86,100,13.58,light rain
660,Tignere,CM,2022-08-25 00:21:58,7.3667,12.65,62.46,98,99,3.38,overcast clouds
661,Mucuri,BR,2022-08-25 00:21:58,-18.0864,-39.5508,71.35,79,3,6.93,clear sky
662,Ugoofaaru,MV,2022-08-25 00:21:59,5.6667,73.0,77.68,79,100,7.65,overcast clouds
663,Luzhou,CN,2022-08-25 00:22:00,28.8724,105.4405,88.63,62,100,1.74,overcast clouds
664,Awash,ET,2022-08-25 00:22:00,8.9833,40.1667,71.15,66,85,10.09,overcast clouds
665,Teya,RU,2022-08-25 00:16:13,60.3778,92.6267,52.2,98,87,5.55,overcast clouds
666,Marshall,US,2022-08-25 00:22:01,34.3834,-86.3333,80.58,78,0,3.44,clear sky
667,Canatlan,MX,2022-08-25 00:22:02,24.5167,-104.7833,72.27,52,95,2.35,overcast clouds
668,Port Said,EG,2022-08-25 00:22:03,31.2565,32.2841,81.66,73,0,13.78,clear sky
669,Marystown,CA,2022-08-25 00:22:04,47.1666,-55.1483,66.36,96,99,12.3,overcast clouds
670,Uyuni,BO,2022-08-25 00:22:04,-20.4597,-66.825,43.34,10,6,8.61,clear sky
671,Dawei,MM,2022-08-25 00:19:21,14.0833,98.2,77.7,92,100,0.76,overcast clouds
672,Goba,ET,2022-08-25 00:22:05,7.0167,39.9833,49.3,89,63,3.8,broken clouds
673,Santa Isabel Do Rio Negro,BR,2022-08-25 00:22:06,-0.4139,-65.0192,72.18,98,81,3.02,broken clouds
674,Kiama,AU,2022-08-25 00:22:06,-34.6833,150.8667,61.38,61,21,8.01,light rain
675,Colac,AU,2022-08-25 00:22:07,-38.3333,143.5833,51.17,94,84,6.13,broken clouds
676,Srednekolymsk,RU,2022-08-25 00:22:08,67.45,153.6833,47.57,86,100,15.08,overcast clouds
677,Stornoway,GB,2022-08-25 00:22:08,58.2093,-6.3865,52.93,89,12,8.05,few clouds
678,Moerai,PF,2022-08-25 00:22:09,-22.4333,-151.3333,71.06,71,100,21.94,overcast clouds
679,Alta Floresta,BR,2022-08-25 00:19:21,-9.8756,-56.0861,82.04,33,32,3.49,scattered clouds
680,Roura,GF,2022-08-25 00:22:10,4.7263,-52.3274,76.91,88,0,0.0,clear sky
681,Zhangye,CN,2022-08-25 00:22:10,38.9342,100.4517,67.3,55,21,3.44,few clouds
682,Williamsport,US,2022-08-25 00:22:11,41.2412,-77.0011,75.22,71,0,5.75,clear sky
683,Raudeberg,NO,2022-08-25 00:22:11,61.9875,5.1352,66.87,24,100,6.58,light rain
684,Wasilla,US,2022-08-25 00:22:12,61.5814,-149.4394,58.95,90,100,6.91,light rain
685,Rosetta,EG,2022-08-25 00:22:14,31.4044,30.4164,78.96,75,0,9.13,clear sky
686,Barra Do Bugres,BR,2022-08-25 00:22:14,-15.0725,-57.1811,79.03,26,86,2.98,overcast clouds
687,Komsomolskiy,UZ,2022-08-25 00:22:15,40.4272,71.7189,75.92,33,93,4.61,overcast clouds
688,Qasigiannguit,GL,2022-08-25 00:22:15,68.8193,-51.1922,50.25,73,100,5.59,overcast clouds
689,Cuamba,MZ,2022-08-25 00:22:16,-14.8031,36.5372,62.2,79,19,3.31,few clouds
690,Ponnani,IN,2022-08-25 00:22:16,10.767,75.9252,72.72,93,100,10.42,overcast clouds
691,Calgary,CA,2022-08-25 00:20:17,51.0501,-114.0853,72.01,58,75,9.22,broken clouds
692,Mormugao,IN,2022-08-25 00:22:17,15.4,73.8,76.84,85,85,7.52,overcast clouds
693,Upington,ZA,2022-08-25 00:22:18,-28.4478,21.2561,70.18,24,0,14.97,clear sky
694,Korsakov,RU,2022-08-25 00:22:18,46.6328,142.7813,67.84,73,37,9.8,scattered clouds
695,Kongoussi,BF,2022-08-25 00:22:19,13.3258,-1.5347,76.21,81,62,9.73,broken clouds
696,Bouafle,CI,2022-08-25 00:22:20,6.9904,-5.7442,71.62,88,72,3.8,broken clouds
697,Whyalla,AU,2022-08-25 00:22:20,-33.0333,137.5833,51.87,74,65,1.1,broken clouds
698,Fairlie,GB,2022-08-25 00:22:21,55.756,-4.8556,58.82,87,95,8.28,overcast clouds
699,Itaporanga,BR,2022-08-25 00:22:21,-7.3044,-38.1503,72.64,64,83,15.84,broken clouds
700,Gorom-Gorom,BF,2022-08-25 00:22:22,14.4439,-0.2361,81.19,67,56,11.12,broken clouds
701,Montepuez,MZ,2022-08-25 00:22:23,-13.1256,38.9997,66.33,72,9,7.92,clear sky
702,Quatre Cocos,MU,2022-08-25 00:22:23,-20.2078,57.7625,69.91,63,81,15.35,broken clouds
703,Reconquista,AR,2022-08-25 00:22:23,-29.15,-59.65,72.7,68,13,9.13,few clouds
704,Santa Catarina De Tepehuanes,MX,2022-08-25 00:22:24,25.35,-105.7333,73.18,62,99,4.47,overcast clouds
705,Natitingou,BJ,2022-08-25 00:22:25,10.3042,1.3796,68.65,96,65,2.86,broken clouds
706,Srikakulam,IN,2022-08-25 00:22:25,18.3,83.9,77.74,87,85,5.23,overcast clouds
707,Baykit,RU,2022-08-25 00:22:26,61.67,96.37,51.73,99,91,3.38,overcast clouds
708,Japura,ID,2022-08-25 00:22:27,-0.3167,102.35,73.71,96,69,2.55,broken clouds
709,Porto Novo,BJ,2022-08-25 00:15:52,6.4965,2.6036,75.02,88,83,4.76,broken clouds
